Model,Accuracy,Precision,Recall,F1,ROC AUC
Logistic Regression,0.8431752178121975,0.8494094488188977,0.8346228239845261,0.8419512195121951,0.8431835050155189
Decision Tree (Tuned),0.8199419167473379,0.8081936685288641,0.839458413926499,0.8235294117647058,0.8199230054128619
Random Forest,0.850919651500484,0.8572834645669292,0.8423597678916828,0.8497560975609756,0.8509279459613452
Gradient Boosting,0.8533397870280736,0.8438381937911571,0.867504835589942,0.8555078683834049,0.8533260612058235
Support Vector Machine,0.6698935140367861,0.6825726141078838,0.6363636363636364,0.6586586586586587,0.6699260042283297
XGBoost (Tuned),0.8407550822846079,0.8425655976676385,0.8384912959381045,0.840523509452254,0.840757275876029
Voting Classifier,0.8528557599225557,0.846958174904943,0.8617021276595744,0.8542665388302972,0.8528471878607949
